Metric,Value
Sharpe_Treino,2.4818157861793906
Sharpe_Teste,1.9771413397374902
Retorno_Teste,0.25050360844676534
Volatilidade_Teste,0.11658428449903832
